ano_mes,entregas,atrasadas,taxa_atraso_pct,media_dias_entrega,media_prazo_prometido
2017-01,754,22,2.92,12.64,40.24
2017-02,1666,49,2.94,13.15,32.51
2017-03,2551,116,4.55,12.95,25.37
2017-04,2321,152,6.55,14.91,27.99
2017-05,3577,106,2.96,11.29,24.94
2017-06,3160,95,3.01,11.99,24.67
2017-07,3940,108,2.74,11.53,23.97
2017-08,4253,123,2.89,11.07,24.13
2017-09,4196,182,4.34,11.82,23.08
2017-10,4547,187,4.11,11.8,23.65
2017-11,7385,906,12.27,15.11,23.21
2017-12,5575,414,7.43,15.37,28.32
2018-01,7182,403,5.61,14.03,26.97
2018-02,6607,927,14.03,16.9,25.16
2018-03,7096,1332,18.77,16.24,22.71
2018-04,6931,306,4.41,11.45,24.36
2018-05,6863,444,6.47,11.38,23.57
2018-06,6210,71,1.14,9.21,28.48
2018-07,6257,208,3.32,8.92,20.36
2018-08,6470,393,6.07,7.72,15.97
