uf,regiao,entregas,atrasadas,taxa_atraso_pct,media_dias_entrega,media_prazo_prometido,folga_media_dias,p50_dias_entrega,p90_dias_entrega,p50_prazo_prometido,ic_inf,ic_sup,acima_da_media,prazo_sugerido_p90,ajuste_sugerido_dias
AL,Nordeste,398,85,21.36,24.49,33.13,8.64,22.29,40.42,32,17.614194979210833,25.647030339422184,True,41,9.0
MA,Nordeste,725,126,17.38,21.46,30.91,9.45,19.14,34.04,31,14.794820022237968,20.307676871462945,True,35,4.0
SE,Nordeste,335,51,15.22,21.39,31.21,9.82,17.9,35.45,30,11.772661115294435,19.463645170592535,True,36,6.0
PI,Nordeste,477,66,13.84,19.42,30.65,11.23,16.28,30.21,30,11.02566673427634,17.225133529261587,True,31,1.0
CE,Nordeste,1284,176,13.71,21.17,31.82,10.65,18.14,34.41,32,11.933917380896673,15.696934115125819,True,35,3.0
RR,Norte,40,5,12.5,29.91,46.12,16.22,25.01,53.19,45,5.459419773541284,26.112420670238144,False,54,9.0
BA,Nordeste,3291,396,12.03,19.28,30.07,10.8,16.85,31.73,30,10.965282716100889,13.18888603058484,True,32,2.0
RJ,Sudeste,12475,1500,12.02,15.23,26.93,11.7,12.0,28.97,25,11.464960738114332,12.606517178553833,True,29,4.0
PA,Norte,951,107,11.25,23.76,37.71,13.95,21.07,39.45,37,9.396810350470263,13.417612481547108,True,40,3.0
ES,Sudeste,2019,214,10.6,15.73,26.17,10.44,13.55,25.31,26,9.330567306453649,12.017698420333854,True,26,0.0
PB,Nordeste,520,54,10.38,20.35,33.58,13.22,18.12,34.9,33,8.046613606819788,13.303657162053858,True,35,2.0
MS,Centro-Oeste,708,68,9.6,15.58,26.61,11.03,13.89,24.65,26,7.64698251891473,11.998062108991252,True,25,-1.0
PE,Nordeste,1596,153,9.59,18.41,31.57,13.16,15.66,30.92,32,8.237589887553472,11.12942744716266,True,31,-1.0
TO,Norte,282,27,9.57,17.5,29.71,12.22,15.79,27.93,29,6.663661431730534,13.571881610289942,False,28,-1.0
RN,Nordeste,474,44,9.28,19.17,32.6,13.43,16.02,32.59,32,6.9876016006945925,12.23249141757757,True,33,1.0
SC,Sul,3579,291,8.13,14.9,26.37,11.47,12.98,25.75,26,7.279592556099472,9.071719207166872,True,26,0.0
GO,Centro-Oeste,1981,128,6.46,15.54,27.58,12.05,13.89,24.66,27,5.460811134557009,7.630490458476916,False,25,-2.0
RS,Sul,5425,325,5.99,15.23,29.12,13.89,13.14,25.7,29,5.3898670173121985,6.653984105549811,False,26,-3.0
MT,Centro-Oeste,904,54,5.97,17.95,32.41,14.46,16.02,27.69,32,4.6068757856058555,7.712630172261685,False,28,-4.0
DF,Centro-Oeste,2100,118,5.62,12.89,24.87,11.98,11.33,21.47,25,4.712692287053995,6.687481566338772,False,22,-3.0
MG,Sudeste,11488,521,4.54,11.95,25.12,13.17,10.29,20.12,24,4.169627818096937,4.931103260549327,False,21,-3.0
SP,Sudeste,40985,1820,4.44,8.71,19.74,11.03,7.19,15.6,19,4.245446680220042,4.6443912799725195,False,16,-3.0
PR,Sul,4966,199,4.01,11.93,25.16,13.23,10.38,20.08,25,3.4963535931789678,4.589248169259498,False,21,-4.0
AC,Norte,80,3,3.75,21.04,41.73,20.69,18.33,30.96,41,1.2834336300788758,10.454891974394322,False,31,-10.0
AP,Norte,67,2,2.99,27.19,46.87,19.68,24.35,35.16,48,0.8224522347453904,10.246750041883029,False,36,-12.0
RO,Norte,246,7,2.85,19.36,39.59,20.24,17.58,29.56,38,1.3850556017764748,5.756109040140645,False,30,-8.0
AM,Norte,145,4,2.76,26.43,45.92,19.5,25.88,39.17,46,1.0778728538865683,6.877967448824501,False,40,-6.0
