ano_mes,pedidos,entregues,cancelados,pct_em_aberto,na_janela
2016-09,4,1,2,25.0,False
2016-10,324,265,31,8.6,False
2016-12,1,1,0,0.0,False
2017-01,800,750,13,4.6,True
2017-02,1780,1653,62,3.7,True
2017-03,2682,2546,65,2.6,True
2017-04,2404,2303,27,3.1,True
2017-05,3700,3546,60,2.5,True
2017-06,3245,3135,40,2.2,True
2017-07,4026,3872,80,1.8,True
2017-08,4331,4193,59,1.8,True
2017-09,4285,4150,58,1.8,True
2017-10,4631,4478,84,1.5,True
2017-11,7544,7289,121,1.8,True
2017-12,5673,5513,53,1.9,True
2018-01,7269,7069,82,1.6,True
2018-02,6728,6555,103,1.0,True
2018-03,7211,7003,43,2.3,True
2018-04,6939,6798,20,1.7,True
2018-05,6873,6749,40,1.2,True
2018-06,6167,6099,22,0.7,True
2018-07,6292,6159,59,1.2,True
2018-08,6512,6351,91,1.1,True
2018-09,16,0,15,6.2,False
2018-10,4,0,4,0.0,False
